{"in requests":[{"from_":9661883806628684389"to_":7877079624915351327"package":{"type":"Milk","expiration time":2,"cost":55,"weight":1.000000,"count in package":10}"day_":5"id_":14996097865815512355}],"out requests":[{"from_":7877079624915351327"to_":5533005074729148097"package":{"type":"Milk","expiration time":2,"cost":55,"weight":1.000000,"count in package":10}"day_":5"id_":5405329023431397166}]}